<?xml version="1.0" encoding="utf-8" ?>
<Defs>
  <ResearchProjectDef>
    <defName>TransportPodMK2Research</defName>
    <label>transport pod mk2</label>
    <description>We live in a society and I've got places to be.</description>
    <baseCost>1000</baseCost>
    <techLevel>Industrial</techLevel>
    <prerequisites>
      <li>TransportPod</li>
    </prerequisites>
    <requiredResearchBuilding>HiTechResearchBench</requiredResearchBuilding>
    <researchViewX>10</researchViewX>
    <researchViewY>3</researchViewY>
  </ResearchProjectDef>
</Defs>